{
  "project_info": {
    "project_number": "512234841324",
    "project_id": "assignment-f55fe",
    "storage_bucket": "assignment-f55fe.firebasestorage.app"
  },
  "client": [
    {
      "client_info": {
        "mobilesdk_app_id": "1:512234841324:android:95facd820f2c83bc54f1c9",
        "android_client_info": {
          "package_name": "com.singlepointsol.assignmentviewcontroller"
        }
      },
      "oauth_client": [],
      "api_key": [
        {
          "current_key": "AIzaSyDWKSoilbrmtnn_u6_6UeVqzndDOSo3yCg"
        }
      ],
      "services": {
        "appinvite_service": {
          "other_platform_oauth_client": []
        }
      }
    }
  ],
  "configuration_version": "1"
}